{
    "version": "5.4.1",
    "flags": {},
    "shapes": [
        {
            "label": "schueler_name",
            "points": [
                [
                    208.88,
                    721.33
                ],
                [
                    839.43,
                    732.02
                ],
                [
                    837.7,
                    774.5
                ],
                [
                    208.88,
                    766.75
                ]
            ],
            "group_id": null,
            "description": "",
            "shape_type": "polygon",
            "flags": {},
            "mask": null
        },
        {
            "label": "schueler_vorname",
            "points": [
                [
                    190.1,
                    768.9
                ],
                [
                    840.0,
                    776.7
                ],
                [
                    840.0,
                    822.4
                ],
                [
                    190.12,
                    814.37
                ]
            ],
            "group_id": null,
            "description": "",
            "shape_type": "polygon",
            "flags": {},
            "mask": null
        },
        {
            "label": "schueler_klasse",
            "points": [
                [
                    203.6,
                    816.4
                ],
                [
                    839.8,
                    824.3
                ],
                [
                    842.6,
                    872.4
                ],
                [
                    203.6,
                    864.7
                ]
            ],
            "group_id": null,
            "description": "",
            "shape_type": "polygon",
            "flags": {},
            "mask": null
        },
        {
            "label": "al_1",
            "points": [
                [
                    181.15,
                    945.46
                ],
                [
                    839.7,
                    956.1
                ],
                [
                    839.8,
                    1004.2
                ],
                [
                    181.15,
                    990.88
                ]
            ],
            "group_id": null,
            "description": "",
            "shape_type": "polygon",
            "flags": {},
            "mask": null
        },
        {
            "label": "al_2",
            "points": [
                [
                    179.73,
                    992.6
                ],
                [
                    838.27,
                    1003.24
                ],
                [
                    838.4,
                    1051.3
                ],
                [
                    179.73,
                    1038.02
                ]
            ],
            "group_id": null,
            "description": "",
            "shape_type": "polygon",
            "flags": {},
            "mask": null
        },
        {
            "label": "al_3",
            "points": [
                [
                    181.11,
                    1043.11
                ],
                [
                    839.66,
                    1053.75
                ],
                [
                    838.7,
                    1096.5
                ],
                [
                    181.11,
                    1088.53
                ]
            ],
            "group_id": null,
            "description": "",
            "shape_type": "polygon",
            "flags": {},
            "mask": null
        },
        {
            "label": "Sonstiges",
            "points": [
                [
                    183.92,
                    1093.59
                ],
                [
                    838.3,
                    1101.1
                ],
                [
                    839.4,
                    1142.8
                ],
                [
                    183.92,
                    1139.01
                ]
            ],
            "group_id": null,
            "description": "",
            "shape_type": "polygon",
            "flags": {},
            "mask": null
        },
        {
            "label": "ag_schueler_unterschrift",
            "points": [
                [
                    167.7,
                    1311.5
                ],
                [
                    641.6,
                    1312.3
                ],
                [
                    643.3,
                    1411.7
                ],
                [
                    167.7,
                    1414.4
                ]
            ],
            "group_id": null,
            "description": "",
            "shape_type": "polygon",
            "flags": {},
            "mask": null
        },
        {
            "label": "ag_schueler_datum",
            "points": [
                [
                    765.2,
                    1330.5
                ],
                [
                    1013.9,
                    1331.1
                ],
                [
                    1011.7,
                    1393.1
                ],
                [
                    760.8,
                    1390.7
                ]
            ],
            "group_id": null,
            "description": "",
            "shape_type": "polygon",
            "flags": {},
            "mask": null
        },
        {
            "label": "AL",
            "points": [
                [
                    455.5,
                    337.8
                ],
                [
                    671.6,
                    342.0
                ],
                [
                    669.9,
                    401.1
                ],
                [
                    453.3,
                    396.3
                ]
            ],
            "group_id": null,
            "description": "",
            "shape_type": "polygon",
            "flags": {},
            "mask": null
        },
        {
            "label": "schueler",
            "points": [
                [
                    180.1,
                    683.9
                ],
                [
                    857.9,
                    693.3
                ],
                [
                    851.7,
                    882.6
                ],
                [
                    181.9,
                    879.3
                ]
            ],
            "group_id": null,
            "description": "",
            "shape_type": "polygon",
            "flags": {},
            "mask": null
        },
        {
            "label": "allergien",
            "points": [
                [
                    176.79,
                    901.25
                ],
                [
                    846.9,
                    912.2
                ],
                [
                    845.3,
                    1154.1
                ],
                [
                    174.0,
                    1150.8
                ]
            ],
            "group_id": null,
            "description": "",
            "shape_type": "polygon",
            "flags": {},
            "mask": null
        },
        {
            "label": "ag_unterschrift",
            "points": [
                [
                    126.4,
                    1291.6
                ],
                [
                    1039.2,
                    1305.7
                ],
                [
                    1039.2,
                    1428.5
                ],
                [
                    122.03,
                    1443.78
                ]
            ],
            "group_id": null,
            "description": "",
            "shape_type": "polygon",
            "flags": {},
            "mask": null
        }
    ],
    "imagePath": "tf_images/AL_001.jpg",
    "imageHeight": 1555,
    "imageWidth": 1123
}