{
    "version": "5.4.1",
    "flags": {},
    "shapes": [
        {
            "label": "schueler_name",
            "points": [
                [
                    207.2,
                    762.7
                ],
                [
                    207.2,
                    806.6
                ],
                [
                    866.4,
                    816.8
                ],
                [
                    863.4,
                    772.0
                ]
            ],
            "group_id": null,
            "description": "",
            "shape_type": "polygon",
            "flags": {},
            "mask": null
        },
        {
            "label": "schueler_vorname",
            "points": [
                [
                    190.5,
                    809.8
                ],
                [
                    190.1,
                    857.3
                ],
                [
                    864.4,
                    865.8
                ],
                [
                    859.7,
                    825.1
                ]
            ],
            "group_id": null,
            "description": "",
            "shape_type": "polygon",
            "flags": {},
            "mask": null
        },
        {
            "label": "schueler_klasse",
            "points": [
                [
                    202.5,
                    864.8
                ],
                [
                    863.3,
                    875.5
                ],
                [
                    864.0,
                    915.8
                ],
                [
                    203.7,
                    908.1
                ]
            ],
            "group_id": null,
            "description": "",
            "shape_type": "polygon",
            "flags": {},
            "mask": null
        },
        {
            "label": "al_1",
            "points": [
                [
                    183.7,
                    993.1
                ],
                [
                    860.6,
                    1003.1
                ],
                [
                    861.5,
                    1046.8
                ],
                [
                    183.9,
                    1043.3
                ]
            ],
            "group_id": null,
            "description": "",
            "shape_type": "polygon",
            "flags": {},
            "mask": null
        },
        {
            "label": "al_2",
            "points": [
                [
                    182.1,
                    1048.3
                ],
                [
                    859.7,
                    1058.1
                ],
                [
                    857.4,
                    1103.0
                ],
                [
                    184.5,
                    1091.8
                ]
            ],
            "group_id": null,
            "description": "",
            "shape_type": "polygon",
            "flags": {},
            "mask": null
        },
        {
            "label": "al_3",
            "points": [
                [
                    180.0,
                    1094.9
                ],
                [
                    857.6,
                    1107.0
                ],
                [
                    858.2,
                    1145.1
                ],
                [
                    180.8,
                    1138.7
                ]
            ],
            "group_id": null,
            "description": "",
            "shape_type": "polygon",
            "flags": {},
            "mask": null
        },
        {
            "label": "Sonstiges",
            "points": [
                [
                    190.2,
                    1146.7
                ],
                [
                    862.6,
                    1149.8
                ],
                [
                    861.8,
                    1190.2
                ],
                [
                    189.6,
                    1188.4
                ]
            ],
            "group_id": null,
            "description": "",
            "shape_type": "polygon",
            "flags": {},
            "mask": null
        },
        {
            "label": "ag_schueler_unterschrift",
            "points": [
                [
                    170.0,
                    1384.6
                ],
                [
                    657.4,
                    1382.6
                ],
                [
                    657.9,
                    1468.3
                ],
                [
                    170.1,
                    1474.9
                ]
            ],
            "group_id": null,
            "description": "",
            "shape_type": "polygon",
            "flags": {},
            "mask": null
        },
        {
            "label": "ag_schueler_datum",
            "points": [
                [
                    785.8,
                    1392.6
                ],
                [
                    1028.8,
                    1390.3
                ],
                [
                    1035.0,
                    1454.5
                ],
                [
                    790.0,
                    1458.2
                ]
            ],
            "group_id": null,
            "description": "",
            "shape_type": "polygon",
            "flags": {},
            "mask": null
        },
        {
            "label": "AL",
            "points": [
                [
                    454.5,
                    356.2
                ],
                [
                    687.1,
                    359.1
                ],
                [
                    685.4,
                    426.0
                ],
                [
                    452.7,
                    417.9
                ]
            ],
            "group_id": null,
            "description": "",
            "shape_type": "polygon",
            "flags": {},
            "mask": null
        },
        {
            "label": "schueler",
            "points": [
                [
                    180.9,
                    719.0
                ],
                [
                    878.6,
                    720.9
                ],
                [
                    881.8,
                    927.5
                ],
                [
                    181.4,
                    919.8
                ]
            ],
            "group_id": null,
            "description": "",
            "shape_type": "polygon",
            "flags": {},
            "mask": null
        },
        {
            "label": "allergien",
            "points": [
                [
                    170.7,
                    949.7
                ],
                [
                    873.2,
                    948.6
                ],
                [
                    873.0,
                    1197.0
                ],
                [
                    165.4,
                    1192.9
                ]
            ],
            "group_id": null,
            "description": "",
            "shape_type": "polygon",
            "flags": {},
            "mask": null
        },
        {
            "label": "ag_unterschrift",
            "points": [
                [
                    154.0,
                    1360.4
                ],
                [
                    1050.2,
                    1361.3
                ],
                [
                    1050.8,
                    1473.7
                ],
                [
                    156.6,
                    1483.7
                ]
            ],
            "group_id": null,
            "description": "",
            "shape_type": "polygon",
            "flags": {},
            "mask": null
        }
    ],
    "imagePath": "tf_images/AL_005.jpg",
    "imageHeight": 1616,
    "imageWidth": 1148
}