{
    "version": "5.4.1",
    "flags": {},
    "shapes": [
        {
            "label": "schueler_name",
            "points": [
                [
                    199.6,
                    722.3
                ],
                [
                    206.8,
                    771.3
                ],
                [
                    843.7,
                    768.7
                ],
                [
                    841.9,
                    721.9
                ]
            ],
            "group_id": null,
            "description": "",
            "shape_type": "polygon",
            "flags": {},
            "mask": null
        },
        {
            "label": "schueler_vorname",
            "points": [
                [
                    180.0,
                    776.4
                ],
                [
                    183.2,
                    822.3
                ],
                [
                    848.4,
                    813.3
                ],
                [
                    849.2,
                    774.7
                ]
            ],
            "group_id": null,
            "description": "",
            "shape_type": "polygon",
            "flags": {},
            "mask": null
        },
        {
            "label": "schueler_klasse",
            "points": [
                [
                    192.8,
                    824.4
                ],
                [
                    843.7,
                    820.3
                ],
                [
                    841.3,
                    864.2
                ],
                [
                    196.7,
                    868.3
                ]
            ],
            "group_id": null,
            "description": "",
            "shape_type": "polygon",
            "flags": {},
            "mask": null
        },
        {
            "label": "al_1",
            "points": [
                [
                    170.5,
                    945.9
                ],
                [
                    844.4,
                    954.8
                ],
                [
                    842.7,
                    994.0
                ],
                [
                    171.5,
                    993.4
                ]
            ],
            "group_id": null,
            "description": "",
            "shape_type": "polygon",
            "flags": {},
            "mask": null
        },
        {
            "label": "al_2",
            "points": [
                [
                    169.9,
                    999.6
                ],
                [
                    835.5,
                    1000.8
                ],
                [
                    835.6,
                    1040.7
                ],
                [
                    171.3,
                    1035.3
                ]
            ],
            "group_id": null,
            "description": "",
            "shape_type": "polygon",
            "flags": {},
            "mask": null
        },
        {
            "label": "al_3",
            "points": [
                [
                    170.7,
                    1047.0
                ],
                [
                    840.5,
                    1048.5
                ],
                [
                    841.7,
                    1088.2
                ],
                [
                    167.1,
                    1089.0
                ]
            ],
            "group_id": null,
            "description": "",
            "shape_type": "polygon",
            "flags": {},
            "mask": null
        },
        {
            "label": "Sonstiges",
            "points": [
                [
                    177.6,
                    1102.5
                ],
                [
                    838.6,
                    1104.8
                ],
                [
                    834.7,
                    1137.9
                ],
                [
                    175.3,
                    1138.7
                ]
            ],
            "group_id": null,
            "description": "",
            "shape_type": "polygon",
            "flags": {},
            "mask": null
        },
        {
            "label": "ag_schueler_unterschrift",
            "points": [
                [
                    157.1,
                    1324.2
                ],
                [
                    627.0,
                    1327.3
                ],
                [
                    625.6,
                    1410.1
                ],
                [
                    158.7,
                    1410.4
                ]
            ],
            "group_id": null,
            "description": "",
            "shape_type": "polygon",
            "flags": {},
            "mask": null
        },
        {
            "label": "ag_schueler_datum",
            "points": [
                [
                    759.5,
                    1342.1
                ],
                [
                    996.7,
                    1340.1
                ],
                [
                    997.5,
                    1399.8
                ],
                [
                    759.7,
                    1403.6
                ]
            ],
            "group_id": null,
            "description": "",
            "shape_type": "polygon",
            "flags": {},
            "mask": null
        },
        {
            "label": "AL",
            "points": [
                [
                    436.6,
                    336.9
                ],
                [
                    666.2,
                    336.6
                ],
                [
                    664.5,
                    393.9
                ],
                [
                    437.2,
                    395.4
                ]
            ],
            "group_id": null,
            "description": "",
            "shape_type": "polygon",
            "flags": {},
            "mask": null
        },
        {
            "label": "schueler",
            "points": [
                [
                    175.8,
                    677.6
                ],
                [
                    871.1,
                    679.3
                ],
                [
                    861.5,
                    882.7
                ],
                [
                    173.0,
                    889.1
                ]
            ],
            "group_id": null,
            "description": "",
            "shape_type": "polygon",
            "flags": {},
            "mask": null
        },
        {
            "label": "allergien",
            "points": [
                [
                    162.4,
                    901.8
                ],
                [
                    850.8,
                    912.2
                ],
                [
                    855.0,
                    1148.4
                ],
                [
                    156.1,
                    1146.5
                ]
            ],
            "group_id": null,
            "description": "",
            "shape_type": "polygon",
            "flags": {},
            "mask": null
        },
        {
            "label": "ag_unterschrift",
            "points": [
                [
                    132.3,
                    1316.4
                ],
                [
                    1035.9,
                    1324.3
                ],
                [
                    1039.2,
                    1434.0
                ],
                [
                    131.6,
                    1434.8
                ]
            ],
            "group_id": null,
            "description": "",
            "shape_type": "polygon",
            "flags": {},
            "mask": null
        }
    ],
    "imagePath": "tf_images/AL_003.jpg",
    "imageHeight": 1560,
    "imageWidth": 1117
}