{
    "version": "5.4.1",
    "flags": {},
    "shapes": [
        {
            "label": "schueler_name",
            "points": [
                [
                    211.2,
                    753.3
                ],
                [
                    209.9,
                    794.5
                ],
                [
                    853.0,
                    807.4
                ],
                [
                    852.7,
                    765.3
                ]
            ],
            "group_id": null,
            "description": "",
            "shape_type": "polygon",
            "flags": {},
            "mask": null
        },
        {
            "label": "schueler_vorname",
            "points": [
                [
                    189.2,
                    803.1
                ],
                [
                    190.1,
                    843.9
                ],
                [
                    852.3,
                    855.1
                ],
                [
                    853.0,
                    815.7
                ]
            ],
            "group_id": null,
            "description": "",
            "shape_type": "polygon",
            "flags": {},
            "mask": null
        },
        {
            "label": "schueler_klasse",
            "points": [
                [
                    205.2,
                    855.4
                ],
                [
                    849.9,
                    862.1
                ],
                [
                    850.6,
                    903.7
                ],
                [
                    203.7,
                    890.7
                ]
            ],
            "group_id": null,
            "description": "",
            "shape_type": "polygon",
            "flags": {},
            "mask": null
        },
        {
            "label": "al_1",
            "points": [
                [
                    189.1,
                    978.4
                ],
                [
                    848.5,
                    996.4
                ],
                [
                    848.1,
                    1037.4
                ],
                [
                    189.3,
                    1020.5
                ]
            ],
            "group_id": null,
            "description": "",
            "shape_type": "polygon",
            "flags": {},
            "mask": null
        },
        {
            "label": "al_2",
            "points": [
                [
                    186.2,
                    1028.3
                ],
                [
                    846.3,
                    1043.4
                ],
                [
                    848.0,
                    1085.6
                ],
                [
                    184.5,
                    1071.7
                ]
            ],
            "group_id": null,
            "description": "",
            "shape_type": "polygon",
            "flags": {},
            "mask": null
        },
        {
            "label": "al_3",
            "points": [
                [
                    180.0,
                    1078.8
                ],
                [
                    848.2,
                    1089.6
                ],
                [
                    850.2,
                    1127.7
                ],
                [
                    179.5,
                    1120.0
                ]
            ],
            "group_id": null,
            "description": "",
            "shape_type": "polygon",
            "flags": {},
            "mask": null
        },
        {
            "label": "Sonstiges",
            "points": [
                [
                    191.5,
                    1122.6
                ],
                [
                    847.9,
                    1131.1
                ],
                [
                    847.1,
                    1178.1
                ],
                [
                    192.3,
                    1164.3
                ]
            ],
            "group_id": null,
            "description": "",
            "shape_type": "polygon",
            "flags": {},
            "mask": null
        },
        {
            "label": "ag_schueler_unterschrift",
            "points": [
                [
                    168.3,
                    1369.9
                ],
                [
                    649.3,
                    1371.9
                ],
                [
                    651.2,
                    1446.9
                ],
                [
                    168.7,
                    1449.4
                ]
            ],
            "group_id": null,
            "description": "",
            "shape_type": "polygon",
            "flags": {},
            "mask": null
        },
        {
            "label": "ag_schueler_datum",
            "points": [
                [
                    767.3,
                    1381.1
                ],
                [
                    1010.1,
                    1383.6
                ],
                [
                    1010.9,
                    1441.1
                ],
                [
                    768.6,
                    1436.0
                ]
            ],
            "group_id": null,
            "description": "",
            "shape_type": "polygon",
            "flags": {},
            "mask": null
        },
        {
            "label": "AL",
            "points": [
                [
                    447.8,
                    356.2
                ],
                [
                    687.1,
                    359.1
                ],
                [
                    685.4,
                    426.0
                ],
                [
                    442.0,
                    425.9
                ]
            ],
            "group_id": null,
            "description": "",
            "shape_type": "polygon",
            "flags": {},
            "mask": null
        },
        {
            "label": "schueler",
            "points": [
                [
                    180.9,
                    696.3
                ],
                [
                    862.5,
                    708.8
                ],
                [
                    860.3,
                    906.0
                ],
                [
                    182.7,
                    895.7
                ]
            ],
            "group_id": null,
            "description": "",
            "shape_type": "polygon",
            "flags": {},
            "mask": null
        },
        {
            "label": "allergien",
            "points": [
                [
                    169.4,
                    939.0
                ],
                [
                    853.1,
                    943.2
                ],
                [
                    859.6,
                    1186.3
                ],
                [
                    165.4,
                    1178.2
                ]
            ],
            "group_id": null,
            "description": "",
            "shape_type": "polygon",
            "flags": {},
            "mask": null
        },
        {
            "label": "ag_unterschrift",
            "points": [
                [
                    151.3,
                    1357.7
                ],
                [
                    1038.1,
                    1360.0
                ],
                [
                    1041.4,
                    1456.3
                ],
                [
                    147.2,
                    1464.9
                ]
            ],
            "group_id": null,
            "description": "",
            "shape_type": "polygon",
            "flags": {},
            "mask": null
        }
    ],
    "imagePath": "tf_images/AL_004.jpg",
    "imageHeight": 1615,
    "imageWidth": 1136
}