{
    "version": "5.4.1",
    "flags": {},
    "shapes": [
        {
            "label": "schueler_name",
            "points": [
                [
                    218.5,
                    734.9
                ],
                [
                    219.4,
                    785.7
                ],
                [
                    849.1,
                    788.4
                ],
                [
                    847.3,
                    739.9
                ]
            ],
            "group_id": null,
            "description": "",
            "shape_type": "polygon",
            "flags": {},
            "mask": null
        },
        {
            "label": "schueler_vorname",
            "points": [
                [
                    194.8,
                    784.7
                ],
                [
                    194.9,
                    834.9
                ],
                [
                    847.5,
                    837.5
                ],
                [
                    849.2,
                    784.6
                ]
            ],
            "group_id": null,
            "description": "",
            "shape_type": "polygon",
            "flags": {},
            "mask": null
        },
        {
            "label": "schueler_klasse",
            "points": [
                [
                    209.9,
                    837.0
                ],
                [
                    843.7,
                    838.3
                ],
                [
                    844.2,
                    886.6
                ],
                [
                    208.3,
                    883.6
                ]
            ],
            "group_id": null,
            "description": "",
            "shape_type": "polygon",
            "flags": {},
            "mask": null
        },
        {
            "label": "al_1",
            "points": [
                [
                    191.7,
                    965.2
                ],
                [
                    845.0,
                    966.6
                ],
                [
                    847.7,
                    1013.3
                ],
                [
                    189.0,
                    1014.6
                ]
            ],
            "group_id": null,
            "description": "",
            "shape_type": "polygon",
            "flags": {},
            "mask": null
        },
        {
            "label": "al_2",
            "points": [
                [
                    185.0,
                    1020.2
                ],
                [
                    846.1,
                    1015.1
                ],
                [
                    843.7,
                    1063.1
                ],
                [
                    183.7,
                    1061.7
                ]
            ],
            "group_id": null,
            "description": "",
            "shape_type": "polygon",
            "flags": {},
            "mask": null
        },
        {
            "label": "al_3",
            "points": [
                [
                    185.1,
                    1066.8
                ],
                [
                    842.3,
                    1068.2
                ],
                [
                    845.3,
                    1109.7
                ],
                [
                    182.4,
                    1109.6
                ]
            ],
            "group_id": null,
            "description": "",
            "shape_type": "polygon",
            "flags": {},
            "mask": null
        },
        {
            "label": "Sonstiges",
            "points": [
                [
                    186.6,
                    1116.0
                ],
                [
                    844.9,
                    1115.6
                ],
                [
                    847.3,
                    1158.6
                ],
                [
                    187.9,
                    1152.2
                ]
            ],
            "group_id": null,
            "description": "",
            "shape_type": "polygon",
            "flags": {},
            "mask": null
        },
        {
            "label": "ag_schueler_unterschrift",
            "points": [
                [
                    172.1,
                    1358.6
                ],
                [
                    648.0,
                    1356.2
                ],
                [
                    647.7,
                    1433.6
                ],
                [
                    167.7,
                    1441.8
                ]
            ],
            "group_id": null,
            "description": "",
            "shape_type": "polygon",
            "flags": {},
            "mask": null
        },
        {
            "label": "ag_schueler_datum",
            "points": [
                [
                    779.7,
                    1360.8
                ],
                [
                    1016.5,
                    1358.7
                ],
                [
                    1022.2,
                    1411.5
                ],
                [
                    772.6,
                    1411.8
                ]
            ],
            "group_id": null,
            "description": "",
            "shape_type": "polygon",
            "flags": {},
            "mask": null
        },
        {
            "label": "AL",
            "points": [
                [
                    446.05,
                    337.35
                ],
                [
                    678.0,
                    341.6
                ],
                [
                    674.0,
                    404.3
                ],
                [
                    445.25,
                    395.85
                ]
            ],
            "group_id": null,
            "description": "",
            "shape_type": "polygon",
            "flags": {},
            "mask": null
        },
        {
            "label": "schueler",
            "points": [
                [
                    180.1,
                    683.9
                ],
                [
                    857.9,
                    693.3
                ],
                [
                    856.4,
                    890.5
                ],
                [
                    181.9,
                    891.9
                ]
            ],
            "group_id": null,
            "description": "",
            "shape_type": "polygon",
            "flags": {},
            "mask": null
        },
        {
            "label": "allergien",
            "points": [
                [
                    176.79,
                    901.25
                ],
                [
                    850.8,
                    912.2
                ],
                [
                    853.2,
                    1164.6
                ],
                [
                    171.4,
                    1160.0
                ]
            ],
            "group_id": null,
            "description": "",
            "shape_type": "polygon",
            "flags": {},
            "mask": null
        },
        {
            "label": "ag_unterschrift",
            "points": [
                [
                    133.0,
                    1334.4
                ],
                [
                    1035.9,
                    1324.3
                ],
                [
                    1039.2,
                    1434.0
                ],
                [
                    126.4,
                    1458.0
                ]
            ],
            "group_id": null,
            "description": "",
            "shape_type": "polygon",
            "flags": {},
            "mask": null
        }
    ],
    "imagePath": "tf_images/AL_002.jpg",
    "imageHeight": 1588,
    "imageWidth": 1133
}